[
    {
        "id": 1,
        "name": "巨無霸套餐"
    },
    {
        "id": 2,
        "name": "麥香雞套餐"
    },
    {
        "id": 3,
        "name": "雙層牛肉吉事堡套餐"
    },
    {
        "id": 4,
        "name": "嫩煎雞腿堡套餐"
    },
    {
        "id": 5,
        "name": "麥脆雞套餐"
    },
    {
        "id": 6,
        "name": "板燒雞腿堡套餐"
    },
    {
        "id": 7,
        "name": "麥克雞塊套餐"
    },
    {
        "id": 8,
        "name": "薯條套餐"
    },
    {
        "id": 9,
        "name": "兒童餐"
    },
    {
        "id": 10,
        "name": "早餐套餐"
    }
]