[
    {
        "id": 1,
        "name": "Alice",
        "age": 27
    },
    {
        "id": 2,
        "name": "Brian",
        "age": 34
    },
    {
        "id": 3,
        "name": "Cathy",
        "age": 22
    },
    {
        "id": 4,
        "name": "David",
        "age": 41
    },
    {
        "id": 5,
        "name": "Emily",
        "age": 29
    },
    {
        "id": 6,
        "name": "Frank",
        "age": 36
    },
    {
        "id": 7,
        "name": "Grace",
        "age": 24
    },
    {
        "id": 8,
        "name": "Henry",
        "age": 31
    },
    {
        "id": 9,
        "name": "Irene",
        "age": 28
    },
    {
        "id": 10,
        "name": "Jack",
        "age": 39
    }
]
