[
    {
        "number": 1,
        "name": "妙蛙種子",
        "types": [
            "草",
            "毒"
        ],
        "image": "https://raw.githubusercontent.com/PokeAPI/sprites/master/sprites/pokemon/1.png"
    },
    {
        "number": 2,
        "name": "妙蛙草",
        "types": [
            "草",
            "毒"
        ],
        "image": "https://raw.githubusercontent.com/PokeAPI/sprites/master/sprites/pokemon/2.png"
    },
    {
        "number": 3,
        "name": "妙蛙花",
        "types": [
            "草",
            "毒"
        ],
        "image": "https://raw.githubusercontent.com/PokeAPI/sprites/master/sprites/pokemon/3.png"
    },
    {
        "number": 4,
        "name": "小火龍",
        "types": [
            "火"
        ],
        "image": "https://raw.githubusercontent.com/PokeAPI/sprites/master/sprites/pokemon/4.png"
    },
    {
        "number": 5,
        "name": "火恐龍",
        "types": [
            "火"
        ],
        "image": "https://raw.githubusercontent.com/PokeAPI/sprites/master/sprites/pokemon/5.png"
    },
    {
        "number": 6,
        "name": "噴火龍",
        "types": [
            "火",
            "飛行"
        ],
        "image": "https://raw.githubusercontent.com/PokeAPI/sprites/master/sprites/pokemon/6.png"
    },
    {
        "number": 7,
        "name": "傑尼龜",
        "types": [
            "水"
        ],
        "image": "https://raw.githubusercontent.com/PokeAPI/sprites/master/sprites/pokemon/7.png"
    },
    {
        "number": 8,
        "name": "卡咪龜",
        "types": [
            "水"
        ],
        "image": "https://raw.githubusercontent.com/PokeAPI/sprites/master/sprites/pokemon/8.png"
    },
    {
        "number": 9,
        "name": "水箭龜",
        "types": [
            "水"
        ],
        "image": "https://raw.githubusercontent.com/PokeAPI/sprites/master/sprites/pokemon/9.png"
    },
    {
        "number": 10,
        "name": "綠毛蟲",
        "types": [
            "蟲"
        ],
        "image": "https://raw.githubusercontent.com/PokeAPI/sprites/master/sprites/pokemon/10.png"
    },
    {
        "number": 11,
        "name": "鐵甲蛹",
        "types": [
            "蟲"
        ],
        "image": "https://raw.githubusercontent.com/PokeAPI/sprites/master/sprites/pokemon/11.png"
    },
    {
        "number": 12,
        "name": "巴大蝶",
        "types": [
            "蟲",
            "飛行"
        ],
        "image": "https://raw.githubusercontent.com/PokeAPI/sprites/master/sprites/pokemon/12.png"
    },
    {
        "number": 13,
        "name": "獨角蟲",
        "types": [
            "蟲"
        ],
        "image": "https://raw.githubusercontent.com/PokeAPI/sprites/master/sprites/pokemon/13.png"
    },
    {
        "number": 14,
        "name": "鐵殼昆",
        "types": [
            "蟲",
            "岩石"
        ],
        "image": "https://raw.githubusercontent.com/PokeAPI/sprites/master/sprites/pokemon/14.png"
    },
    {
        "number": 15,
        "name": "大針蜂",
        "types": [
            "蟲",
            "毒"
        ],
        "image": "https://raw.githubusercontent.com/PokeAPI/sprites/master/sprites/pokemon/15.png"
    },
    {
        "number": 16,
        "name": "波波",
        "types": [
            "一般",
            "飛行"
        ],
        "image": "https://raw.githubusercontent.com/PokeAPI/sprites/master/sprites/pokemon/16.png"
    },
    {
        "number": 17,
        "name": "比比鳥",
        "types": [
            "一般",
            "飛行"
        ],
        "image": "https://raw.githubusercontent.com/PokeAPI/sprites/master/sprites/pokemon/17.png"
    },
    {
        "number": 18,
        "name": "比雕",
        "types": [
            "一般",
            "飛行"
        ],
        "image": "https://raw.githubusercontent.com/PokeAPI/sprites/master/sprites/pokemon/18.png"
    },
    {
        "number": 19,
        "name": "小拉達",
        "types": [
            "一般"
        ],
        "image": "https://raw.githubusercontent.com/PokeAPI/sprites/master/sprites/pokemon/19.png"
    },
    {
        "number": 20,
        "name": "拉達",
        "types": [
            "一般"
        ],
        "image": "https://raw.githubusercontent.com/PokeAPI/sprites/master/sprites/pokemon/20.png"
    },
    {
        "number": 21,
        "name": "烈雀",
        "types": [
            "一般",
            "飛行"
        ],
        "image": "https://raw.githubusercontent.com/PokeAPI/sprites/master/sprites/pokemon/21.png"
    },
    {
        "number": 22,
        "name": "大嘴雀",
        "types": [
            "一般",
            "飛行"
        ],
        "image": "https://raw.githubusercontent.com/PokeAPI/sprites/master/sprites/pokemon/22.png"
    },
    {
        "number": 23,
        "name": "阿柏蛇",
        "types": [
            "毒"
        ],
        "image": "https://raw.githubusercontent.com/PokeAPI/sprites/master/sprites/pokemon/23.png"
    },
    {
        "number": 24,
        "name": "阿柏怪",
        "types": [
            "毒"
        ],
        "image": "https://raw.githubusercontent.com/PokeAPI/sprites/master/sprites/pokemon/24.png"
    },
    {
        "number": 25,
        "name": "皮卡丘",
        "types": [
            "電"
        ],
        "image": "https://raw.githubusercontent.com/PokeAPI/sprites/master/sprites/pokemon/25.png"
    },
    {
        "number": 26,
        "name": "雷丘",
        "types": [
            "電"
        ],
        "image": "https://raw.githubusercontent.com/PokeAPI/sprites/master/sprites/pokemon/26.png"
    },
    {
        "number": 27,
        "name": "穿山鼠",
        "types": [
            "地面"
        ],
        "image": "https://raw.githubusercontent.com/PokeAPI/sprites/master/sprites/pokemon/27.png"
    },
    {
        "number": 28,
        "name": "穿山王",
        "types": [
            "地面"
        ],
        "image": "https://raw.githubusercontent.com/PokeAPI/sprites/master/sprites/pokemon/28.png"
    },
    {
        "number": 29,
        "name": "尼多蘭♀",
        "types": [
            "毒"
        ],
        "image": "https://raw.githubusercontent.com/PokeAPI/sprites/master/sprites/pokemon/29.png"
    },
    {
        "number": 30,
        "name": "尼多娜♀",
        "types": [
            "毒"
        ],
        "image": "https://raw.githubusercontent.com/PokeAPI/sprites/master/sprites/pokemon/30.png"
    },
    {
        "number": 31,
        "name": "尼多后♀",
        "types": [
            "毒",
            "地面"
        ],
        "image": "https://raw.githubusercontent.com/PokeAPI/sprites/master/sprites/pokemon/31.png"
    },
    {
        "number": 32,
        "name": "尼多蘭♂",
        "types": [
            "毒"
        ],
        "image": "https://raw.githubusercontent.com/PokeAPI/sprites/master/sprites/pokemon/32.png"
    },
    {
        "number": 33,
        "name": "尼多朗♂",
        "types": [
            "毒"
        ],
        "image": "https://raw.githubusercontent.com/PokeAPI/sprites/master/sprites/pokemon/33.png"
    },
    {
        "number": 34,
        "name": "尼多王♂",
        "types": [
            "毒",
            "地面"
        ],
        "image": "https://raw.githubusercontent.com/PokeAPI/sprites/master/sprites/pokemon/34.png"
    },
    {
        "number": 35,
        "name": "皮皮",
        "types": [
            "妖精"
        ],
        "image": "https://raw.githubusercontent.com/PokeAPI/sprites/master/sprites/pokemon/35.png"
    },
    {
        "number": 36,
        "name": "皮可西",
        "types": [
            "妖精"
        ],
        "image": "https://raw.githubusercontent.com/PokeAPI/sprites/master/sprites/pokemon/36.png"
    },
    {
        "number": 37,
        "name": "六尾",
        "types": [
            "火"
        ],
        "image": "https://raw.githubusercontent.com/PokeAPI/sprites/master/sprites/pokemon/37.png"
    },
    {
        "number": 38,
        "name": "九尾",
        "types": [
            "火"
        ],
        "image": "https://raw.githubusercontent.com/PokeAPI/sprites/master/sprites/pokemon/38.png"
    },
    {
        "number": 39,
        "name": "胖丁",
        "types": [
            "一般",
            "妖精"
        ],
        "image": "https://raw.githubusercontent.com/PokeAPI/sprites/master/sprites/pokemon/39.png"
    },
    {
        "number": 40,
        "name": "胖可丁",
        "types": [
            "一般",
            "妖精"
        ],
        "image": "https://raw.githubusercontent.com/PokeAPI/sprites/master/sprites/pokemon/40.png"
    },
    {
        "number": 41,
        "name": "超音蝠",
        "types": [
            "毒",
            "飛行"
        ],
        "image": "https://raw.githubusercontent.com/PokeAPI/sprites/master/sprites/pokemon/41.png"
    },
    {
        "number": 42,
        "name": "大嘴蝠",
        "types": [
            "毒",
            "飛行"
        ],
        "image": "https://raw.githubusercontent.com/PokeAPI/sprites/master/sprites/pokemon/42.png"
    },
    {
        "number": 43,
        "name": "走路草",
        "types": [
            "草"
        ],
        "image": "https://raw.githubusercontent.com/PokeAPI/sprites/master/sprites/pokemon/43.png"
    },
    {
        "number": 44,
        "name": "臭臭花",
        "types": [
            "草",
            "毒"
        ],
        "image": "https://raw.githubusercontent.com/PokeAPI/sprites/master/sprites/pokemon/44.png"
    },
    {
        "number": 45,
        "name": "霸王花",
        "types": [
            "草",
            "毒"
        ],
        "image": "https://raw.githubusercontent.com/PokeAPI/sprites/master/sprites/pokemon/45.png"
    },
    {
        "number": 46,
        "name": "派拉斯",
        "types": [
            "蟲",
            "草"
        ],
        "image": "https://raw.githubusercontent.com/PokeAPI/sprites/master/sprites/pokemon/46.png"
    },
    {
        "number": 47,
        "name": "派拉斯特",
        "types": [
            "蟲",
            "草"
        ],
        "image": "https://raw.githubusercontent.com/PokeAPI/sprites/master/sprites/pokemon/47.png"
    },
    {
        "number": 48,
        "name": "毛球",
        "types": [
            "蟲",
            "毒"
        ],
        "image": "https://raw.githubusercontent.com/PokeAPI/sprites/master/sprites/pokemon/48.png"
    },
    {
        "number": 49,
        "name": "摩魯蛾",
        "types": [
            "蟲",
            "毒"
        ],
        "image": "https://raw.githubusercontent.com/PokeAPI/sprites/master/sprites/pokemon/49.png"
    },
    {
        "number": 50,
        "name": "地鼠",
        "types": [
            "地面"
        ],
        "image": "https://raw.githubusercontent.com/PokeAPI/sprites/master/sprites/pokemon/50.png"
    },
    {
        "number": 51,
        "name": "三地鼠",
        "types": [
            "地面"
        ],
        "image": "https://raw.githubusercontent.com/PokeAPI/sprites/master/sprites/pokemon/51.png"
    },
    {
        "number": 52,
        "name": "喵喵",
        "types": [
            "一般"
        ],
        "image": "https://raw.githubusercontent.com/PokeAPI/sprites/master/sprites/pokemon/52.png"
    },
    {
        "number": 53,
        "name": "貓老大",
        "types": [
            "一般"
        ],
        "image": "https://raw.githubusercontent.com/PokeAPI/sprites/master/sprites/pokemon/53.png"
    },
    {
        "number": 54,
        "name": "可達鴨",
        "types": [
            "水"
        ],
        "image": "https://raw.githubusercontent.com/PokeAPI/sprites/master/sprites/pokemon/54.png"
    },
    {
        "number": 55,
        "name": "哥達鴨",
        "types": [
            "水"
        ],
        "image": "https://raw.githubusercontent.com/PokeAPI/sprites/master/sprites/pokemon/55.png"
    },
    {
        "number": 56,
        "name": "猴怪",
        "types": [
            "一般"
        ],
        "image": "https://raw.githubusercontent.com/PokeAPI/sprites/master/sprites/pokemon/56.png"
    },
    {
        "number": 57,
        "name": "火爆猴",
        "types": [
            "火"
        ],
        "image": "https://raw.githubusercontent.com/PokeAPI/sprites/master/sprites/pokemon/57.png"
    },
    {
        "number": 58,
        "name": "卡蒂狗",
        "types": [
            "火"
        ],
        "image": "https://raw.githubusercontent.com/PokeAPI/sprites/master/sprites/pokemon/58.png"
    },
    {
        "number": 59,
        "name": "風速狗",
        "types": [
            "火"
        ],
        "image": "https://raw.githubusercontent.com/PokeAPI/sprites/master/sprites/pokemon/59.png"
    },
    {
        "number": 60,
        "name": "蚊香蝌蚪",
        "types": [
            "水"
        ],
        "image": "https://raw.githubusercontent.com/PokeAPI/sprites/master/sprites/pokemon/60.png"
    },
    {
        "number": 61,
        "name": "蚊香蛙",
        "types": [
            "水"
        ],
        "image": "https://raw.githubusercontent.com/PokeAPI/sprites/master/sprites/pokemon/61.png"
    },
    {
        "number": 62,
        "name": "蚊香泳士",
        "types": [
            "水",
            "地面"
        ],
        "image": "https://raw.githubusercontent.com/PokeAPI/sprites/master/sprites/pokemon/62.png"
    },
    {
        "number": 63,
        "name": "凱西",
        "types": [
            "超能力"
        ],
        "image": "https://raw.githubusercontent.com/PokeAPI/sprites/master/sprites/pokemon/63.png"
    },
    {
        "number": 64,
        "name": "勇基拉",
        "types": [
            "超能力"
        ],
        "image": "https://raw.githubusercontent.com/PokeAPI/sprites/master/sprites/pokemon/64.png"
    },
    {
        "number": 65,
        "name": "胡地",
        "types": [
            "超能力"
        ],
        "image": "https://raw.githubusercontent.com/PokeAPI/sprites/master/sprites/pokemon/65.png"
    },
    {
        "number": 66,
        "name": "腕力",
        "types": [
            "格鬥"
        ],
        "image": "https://raw.githubusercontent.com/PokeAPI/sprites/master/sprites/pokemon/66.png"
    },
    {
        "number": 67,
        "name": "豪力",
        "types": [
            "格鬥"
        ],
        "image": "https://raw.githubusercontent.com/PokeAPI/sprites/master/sprites/pokemon/67.png"
    },
    {
        "number": 68,
        "name": "怪力",
        "types": [
            "格鬥"
        ],
        "image": "https://raw.githubusercontent.com/PokeAPI/sprites/master/sprites/pokemon/68.png"
    },
    {
        "number": 69,
        "name": "喇叭芽",
        "types": [
            "草",
            "毒"
        ],
        "image": "https://raw.githubusercontent.com/PokeAPI/sprites/master/sprites/pokemon/69.png"
    },
    {
        "number": 70,
        "name": "口呆花",
        "types": [
            "草",
            "毒"
        ],
        "image": "https://raw.githubusercontent.com/PokeAPI/sprites/master/sprites/pokemon/70.png"
    },
    {
        "number": 71,
        "name": "大食花",
        "types": [
            "草",
            "毒"
        ],
        "image": "https://raw.githubusercontent.com/PokeAPI/sprites/master/sprites/pokemon/71.png"
    },
    {
        "number": 72,
        "name": "瑪瑙水母",
        "types": [
            "水",
            "毒"
        ],
        "image": "https://raw.githubusercontent.com/PokeAPI/sprites/master/sprites/pokemon/72.png"
    },
    {
        "number": 73,
        "name": "毒刺水母",
        "types": [
            "水",
            "毒"
        ],
        "image": "https://raw.githubusercontent.com/PokeAPI/sprites/master/sprites/pokemon/73.png"
    },
    {
        "number": 74,
        "name": "小拳石",
        "types": [
            "岩石",
            "地面"
        ],
        "image": "https://raw.githubusercontent.com/PokeAPI/sprites/master/sprites/pokemon/74.png"
    },
    {
        "number": 75,
        "name": "隆隆石",
        "types": [
            "岩石",
            "地面"
        ],
        "image": "https://raw.githubusercontent.com/PokeAPI/sprites/master/sprites/pokemon/75.png"
    },
    {
        "number": 76,
        "name": "隆隆岩",
        "types": [
            "岩石",
            "地面"
        ],
        "image": "https://raw.githubusercontent.com/PokeAPI/sprites/master/sprites/pokemon/76.png"
    },
    {
        "number": 77,
        "name": "小火馬",
        "types": [
            "火"
        ],
        "image": "https://raw.githubusercontent.com/PokeAPI/sprites/master/sprites/pokemon/77.png"
    },
    {
        "number": 78,
        "name": "烈焰馬",
        "types": [
            "火"
        ],
        "image": "https://raw.githubusercontent.com/PokeAPI/sprites/master/sprites/pokemon/78.png"
    },
    {
        "number": 79,
        "name": "呆呆獸",
        "types": [
            "一般",
            "水"
        ],
        "image": "https://raw.githubusercontent.com/PokeAPI/sprites/master/sprites/pokemon/79.png"
    },
    {
        "number": 80,
        "name": "呆殼獸",
        "types": [
            "一般",
            "水"
        ],
        "image": "https://raw.githubusercontent.com/PokeAPI/sprites/master/sprites/pokemon/80.png"
    },
    {
        "number": 81,
        "name": "小磁怪",
        "types": [
            "電",
            "鋼"
        ],
        "image": "https://raw.githubusercontent.com/PokeAPI/sprites/master/sprites/pokemon/81.png"
    },
    {
        "number": 82,
        "name": "三合一磁怪",
        "types": [
            "電",
            "鋼"
        ],
        "image": "https://raw.githubusercontent.com/PokeAPI/sprites/master/sprites/pokemon/82.png"
    },
    {
        "number": 83,
        "name": "大蔥鴨",
        "types": [
            "一般"
        ],
        "image": "https://raw.githubusercontent.com/PokeAPI/sprites/master/sprites/pokemon/83.png"
    },
    {
        "number": 84,
        "name": "嘟嘟",
        "types": [
            "一般",
            "飛行"
        ],
        "image": "https://raw.githubusercontent.com/PokeAPI/sprites/master/sprites/pokemon/84.png"
    },
    {
        "number": 85,
        "name": "嘟嘟利",
        "types": [
            "一般",
            "飛行"
        ],
        "image": "https://raw.githubusercontent.com/PokeAPI/sprites/master/sprites/pokemon/85.png"
    },
    {
        "number": 86,
        "name": "小海獅",
        "types": [
            "冰"
        ],
        "image": "https://raw.githubusercontent.com/PokeAPI/sprites/master/sprites/pokemon/86.png"
    },
    {
        "number": 87,
        "name": "白海獅",
        "types": [
            "冰"
        ],
        "image": "https://raw.githubusercontent.com/PokeAPI/sprites/master/sprites/pokemon/87.png"
    },
    {
        "number": 88,
        "name": "臭泥",
        "types": [
            "毒",
            "地面"
        ],
        "image": "https://raw.githubusercontent.com/PokeAPI/sprites/master/sprites/pokemon/88.png"
    },
    {
        "number": 89,
        "name": "臭臭泥",
        "types": [
            "毒",
            "地面"
        ],
        "image": "https://raw.githubusercontent.com/PokeAPI/sprites/master/sprites/pokemon/89.png"
    },
    {
        "number": 90,
        "name": "大舌貝",
        "types": [
            "水"
        ],
        "image": "https://raw.githubusercontent.com/PokeAPI/sprites/master/sprites/pokemon/90.png"
    },
    {
        "number": 91,
        "name": "鐵甲貝",
        "types": [
            "水"
        ],
        "image": "https://raw.githubusercontent.com/PokeAPI/sprites/master/sprites/pokemon/91.png"
    },
    {
        "number": 92,
        "name": "鬼斯",
        "types": [
            "幽靈",
            "毒"
        ],
        "image": "https://raw.githubusercontent.com/PokeAPI/sprites/master/sprites/pokemon/92.png"
    },
    {
        "number": 93,
        "name": "鬼斯通",
        "types": [
            "幽靈",
            "毒"
        ],
        "image": "https://raw.githubusercontent.com/PokeAPI/sprites/master/sprites/pokemon/93.png"
    },
    {
        "number": 94,
        "name": "耿鬼",
        "types": [
            "幽靈",
            "毒"
        ],
        "image": "https://raw.githubusercontent.com/PokeAPI/sprites/master/sprites/pokemon/94.png"
    },
    {
        "number": 95,
        "name": "大岩蛇",
        "types": [
            "地面",
            "岩石"
        ],
        "image": "https://raw.githubusercontent.com/PokeAPI/sprites/master/sprites/pokemon/95.png"
    },
    {
        "number": 96,
        "name": "催眠貘",
        "types": [
            "超能力"
        ],
        "image": "https://raw.githubusercontent.com/PokeAPI/sprites/master/sprites/pokemon/96.png"
    },
    {
        "number": 97,
        "name": "引夢貘人",
        "types": [
            "超能力"
        ],
        "image": "https://raw.githubusercontent.com/PokeAPI/sprites/master/sprites/pokemon/97.png"
    },
    {
        "number": 98,
        "name": "大鉗蟹",
        "types": [
            "水"
        ],
        "image": "https://raw.githubusercontent.com/PokeAPI/sprites/master/sprites/pokemon/98.png"
    },
    {
        "number": 99,
        "name": "巨鉗蟹",
        "types": [
            "水"
        ],
        "image": "https://raw.githubusercontent.com/PokeAPI/sprites/master/sprites/pokemon/99.png"
    },
    {
        "number": 100,
        "name": "雷電球",
        "types": [
            "電"
        ],
        "image": "https://raw.githubusercontent.com/PokeAPI/sprites/master/sprites/pokemon/100.png"
    },
    {
        "number": 101,
        "name": "頑皮雷彈",
        "types": [
            "電"
        ],
        "image": "https://raw.githubusercontent.com/PokeAPI/sprites/master/sprites/pokemon/101.png"
    },
    {
        "number": 102,
        "name": "蛋蛋",
        "types": [
            "草",
            "超能力"
        ],
        "image": "https://raw.githubusercontent.com/PokeAPI/sprites/master/sprites/pokemon/102.png"
    },
    {
        "number": 103,
        "name": "椰蛋樹",
        "types": [
            "草",
            "超能力"
        ],
        "image": "https://raw.githubusercontent.com/PokeAPI/sprites/master/sprites/pokemon/103.png"
    },
    {
        "number": 104,
        "name": "卡拉卡拉",
        "types": [
            "地面"
        ],
        "image": "https://raw.githubusercontent.com/PokeAPI/sprites/master/sprites/pokemon/104.png"
    },
    {
        "number": 105,
        "name": "嘎啦嘎啦",
        "types": [
            "地面"
        ],
        "image": "https://raw.githubusercontent.com/PokeAPI/sprites/master/sprites/pokemon/105.png"
    },
    {
        "number": 106,
        "name": "飛腿郎",
        "types": [
            "格鬥"
        ],
        "image": "https://raw.githubusercontent.com/PokeAPI/sprites/master/sprites/pokemon/106.png"
    },
    {
        "number": 107,
        "name": "快拳郎",
        "types": [
            "格鬥"
        ],
        "image": "https://raw.githubusercontent.com/PokeAPI/sprites/master/sprites/pokemon/107.png"
    },
    {
        "number": 108,
        "name": "大舌頭",
        "types": [
            "一般"
        ],
        "image": "https://raw.githubusercontent.com/PokeAPI/sprites/master/sprites/pokemon/108.png"
    },
    {
        "number": 109,
        "name": "瓦斯彈",
        "types": [
            "毒"
        ],
        "image": "https://raw.githubusercontent.com/PokeAPI/sprites/master/sprites/pokemon/109.png"
    },
    {
        "number": 110,
        "name": "雙彈瓦斯",
        "types": [
            "毒"
        ],
        "image": "https://raw.githubusercontent.com/PokeAPI/sprites/master/sprites/pokemon/110.png"
    },
    {
        "number": 111,
        "name": "獨角犀牛",
        "types": [
            "地面",
            "岩石"
        ],
        "image": "https://raw.githubusercontent.com/PokeAPI/sprites/master/sprites/pokemon/111.png"
    },
    {
        "number": 112,
        "name": "鑽角犀獸",
        "types": [
            "地面",
            "岩石"
        ],
        "image": "https://raw.githubusercontent.com/PokeAPI/sprites/master/sprites/pokemon/112.png"
    },
    {
        "number": 113,
        "name": "吉利蛋",
        "types": [
            "一般"
        ],
        "image": "https://raw.githubusercontent.com/PokeAPI/sprites/master/sprites/pokemon/113.png"
    },
    {
        "number": 114,
        "name": "蔓藤怪",
        "types": [
            "草"
        ],
        "image": "https://raw.githubusercontent.com/PokeAPI/sprites/master/sprites/pokemon/114.png"
    },
    {
        "number": 115,
        "name": "袋獸",
        "types": [
            "一般"
        ],
        "image": "https://raw.githubusercontent.com/PokeAPI/sprites/master/sprites/pokemon/115.png"
    },
    {
        "number": 116,
        "name": "墨海馬",
        "types": [
            "水"
        ],
        "image": "https://raw.githubusercontent.com/PokeAPI/sprites/master/sprites/pokemon/116.png"
    },
    {
        "number": 117,
        "name": "海刺龍",
        "types": [
            "水"
        ],
        "image": "https://raw.githubusercontent.com/PokeAPI/sprites/master/sprites/pokemon/117.png"
    },
    {
        "number": 118,
        "name": "角金魚",
        "types": [
            "水"
        ],
        "image": "https://raw.githubusercontent.com/PokeAPI/sprites/master/sprites/pokemon/118.png"
    },
    {
        "number": 119,
        "name": "金魚王",
        "types": [
            "水"
        ],
        "image": "https://raw.githubusercontent.com/PokeAPI/sprites/master/sprites/pokemon/119.png"
    },
    {
        "number": 120,
        "name": "海星星",
        "types": [
            "水"
        ],
        "image": "https://raw.githubusercontent.com/PokeAPI/sprites/master/sprites/pokemon/120.png"
    },
    {
        "number": 121,
        "name": "寶石海星",
        "types": [
            "水",
            "超能力"
        ],
        "image": "https://raw.githubusercontent.com/PokeAPI/sprites/master/sprites/pokemon/121.png"
    },
    {
        "number": 122,
        "name": "魔牆人偶",
        "types": [
            "超能力",
            "妖精"
        ],
        "image": "https://raw.githubusercontent.com/PokeAPI/sprites/master/sprites/pokemon/122.png"
    },
    {
        "number": 123,
        "name": "飛天螳螂",
        "types": [
            "蟲",
            "飛行"
        ],
        "image": "https://raw.githubusercontent.com/PokeAPI/sprites/master/sprites/pokemon/123.png"
    },
    {
        "number": 124,
        "name": "迷唇姐",
        "types": [
            "冰",
            "超能力"
        ],
        "image": "https://raw.githubusercontent.com/PokeAPI/sprites/master/sprites/pokemon/124.png"
    },
    {
        "number": 125,
        "name": "電擊獸",
        "types": [
            "電"
        ],
        "image": "https://raw.githubusercontent.com/PokeAPI/sprites/master/sprites/pokemon/125.png"
    },
    {
        "number": 126,
        "name": "鴨嘴火獸",
        "types": [
            "火"
        ],
        "image": "https://raw.githubusercontent.com/PokeAPI/sprites/master/sprites/pokemon/126.png"
    },
    {
        "number": 127,
        "name": "凱羅斯",
        "types": [
            "蟲"
        ],
        "image": "https://raw.githubusercontent.com/PokeAPI/sprites/master/sprites/pokemon/127.png"
    },
    {
        "number": 128,
        "name": "肯泰羅",
        "types": [
            "一般"
        ],
        "image": "https://raw.githubusercontent.com/PokeAPI/sprites/master/sprites/pokemon/128.png"
    },
    {
        "number": 129,
        "name": "鯉魚王",
        "types": [
            "水"
        ],
        "image": "https://raw.githubusercontent.com/PokeAPI/sprites/master/sprites/pokemon/129.png"
    },
    {
        "number": 130,
        "name": "暴鯉龍",
        "types": [
            "水",
            "飛行"
        ],
        "image": "https://raw.githubusercontent.com/PokeAPI/sprites/master/sprites/pokemon/130.png"
    },
    {
        "number": 131,
        "name": "拉普拉斯",
        "types": [
            "水",
            "冰"
        ],
        "image": "https://raw.githubusercontent.com/PokeAPI/sprites/master/sprites/pokemon/131.png"
    },
    {
        "number": 132,
        "name": "百變怪",
        "types": [
            "一般"
        ],
        "image": "https://raw.githubusercontent.com/PokeAPI/sprites/master/sprites/pokemon/132.png"
    },
    {
        "number": 133,
        "name": "伊布",
        "types": [
            "一般"
        ],
        "image": "https://raw.githubusercontent.com/PokeAPI/sprites/master/sprites/pokemon/133.png"
    },
    {
        "number": 134,
        "name": "水伊布",
        "types": [
            "水"
        ],
        "image": "https://raw.githubusercontent.com/PokeAPI/sprites/master/sprites/pokemon/134.png"
    },
    {
        "number": 135,
        "name": "雷伊布",
        "types": [
            "電"
        ],
        "image": "https://raw.githubusercontent.com/PokeAPI/sprites/master/sprites/pokemon/135.png"
    },
    {
        "number": 136,
        "name": "火伊布",
        "types": [
            "火"
        ],
        "image": "https://raw.githubusercontent.com/PokeAPI/sprites/master/sprites/pokemon/136.png"
    },
    {
        "number": 137,
        "name": "多邊獸",
        "types": [
            "一般"
        ],
        "image": "https://raw.githubusercontent.com/PokeAPI/sprites/master/sprites/pokemon/137.png"
    },
    {
        "number": 138,
        "name": "菊石獸",
        "types": [
            "水",
            "岩石"
        ],
        "image": "https://raw.githubusercontent.com/PokeAPI/sprites/master/sprites/pokemon/138.png"
    },
    {
        "number": 139,
        "name": "多刺菊石獸",
        "types": [
            "水",
            "岩石"
        ],
        "image": "https://raw.githubusercontent.com/PokeAPI/sprites/master/sprites/pokemon/139.png"
    },
    {
        "number": 140,
        "name": "化石盔",
        "types": [
            "岩石",
            "水"
        ],
        "image": "https://raw.githubusercontent.com/PokeAPI/sprites/master/sprites/pokemon/140.png"
    },
    {
        "number": 141,
        "name": "鐮刀盔",
        "types": [
            "岩石",
            "水"
        ],
        "image": "https://raw.githubusercontent.com/PokeAPI/sprites/master/sprites/pokemon/141.png"
    },
    {
        "number": 142,
        "name": "化石翼龍",
        "types": [
            "岩石",
            "飛行"
        ],
        "image": "https://raw.githubusercontent.com/PokeAPI/sprites/master/sprites/pokemon/142.png"
    },
    {
        "number": 143,
        "name": "卡比獸",
        "types": [
            "一般"
        ],
        "image": "https://raw.githubusercontent.com/PokeAPI/sprites/master/sprites/pokemon/143.png"
    },
    {
        "number": 144,
        "name": "急凍鳥",
        "types": [
            "冰",
            "飛行"
        ],
        "image": "https://raw.githubusercontent.com/PokeAPI/sprites/master/sprites/pokemon/144.png"
    },
    {
        "number": 145,
        "name": "閃電鳥",
        "types": [
            "電",
            "飛行"
        ],
        "image": "https://raw.githubusercontent.com/PokeAPI/sprites/master/sprites/pokemon/145.png"
    },
    {
        "number": 146,
        "name": "火焰鳥",
        "types": [
            "火",
            "飛行"
        ],
        "image": "https://raw.githubusercontent.com/PokeAPI/sprites/master/sprites/pokemon/146.png"
    },
    {
        "number": 147,
        "name": "迷你龍",
        "types": [
            "龍"
        ],
        "image": "https://raw.githubusercontent.com/PokeAPI/sprites/master/sprites/pokemon/147.png"
    },
    {
        "number": 148,
        "name": "哈克龍",
        "types": [
            "龍"
        ],
        "image": "https://raw.githubusercontent.com/PokeAPI/sprites/master/sprites/pokemon/148.png"
    },
    {
        "number": 149,
        "name": "快龍",
        "types": [
            "龍",
            "飛行"
        ],
        "image": "https://raw.githubusercontent.com/PokeAPI/sprites/master/sprites/pokemon/149.png"
    },
    {
        "number": 150,
        "name": "超夢",
        "types": [
            "超能力"
        ],
        "image": "https://raw.githubusercontent.com/PokeAPI/sprites/master/sprites/pokemon/150.png"
    },
    {
        "number": 151,
        "name": "夢幻",
        "types": [
            "超能力"
        ],
        "image": "https://raw.githubusercontent.com/PokeAPI/sprites/master/sprites/pokemon/151.png"
    }
]